{
  "train_loss": [
    0.47779712353433884,
    0.7650688324442931,
    2.028837928090777,
    5.500507703678949,
    11.19414946113314,
    21.371536380393163,
    34.02879215240478,
    55.60915561267308,
    78.77339660372053,
    119.16219394138881
  ],
  "val_loss": [
    0.08266906440258026,
    0.11582628637552261,
    0.46959829330444336,
    1.2862036228179932,
    2.88140869140625,
    5.534069538116455,
    9.225776672363281,
    14.205720901489258,
    20.195104598999023,
    29.00235939025879
  ],
  "val_accuracy": [
    0.9828571428571429,
    0.9728571428571429,
    0.9728571428571429,
    0.9728571428571429,
    0.97,
    0.97,
    0.97,
    0.97,
    0.97,
    0.98
  ],
  "epsilon": 8.0,
  "delta": 1e-05,
  "epochs": 10
}