{
  "train_loss": [
    0.5231779685074632,
    0.5269853347404436,
    0.5006886334581808,
    0.442958583377979,
    0.35913415388627484,
    0.26954627062448044,
    0.18865539556877178,
    0.13688170139423825,
    0.1043148188513111,
    0.08145489933138544
  ],
  "val_loss": [
    0.5158935189247131,
    0.5111191868782043,
    0.46529966592788696,
    0.3889199495315552,
    0.2992589473724365,
    0.21381251513957977,
    0.14933474361896515,
    0.11242935806512833,
    0.08809294551610947,
    0.06968706846237183
  ],
  "val_acc": [
    0.8528571428571429,
    0.85,
    0.8628571428571429,
    0.88,
    0.9028571428571428,
    0.9171428571428571,
    0.9457142857142857,
    0.9628571428571429,
    0.9914285714285714,
    0.9985714285714286
  ],
  "val_precision": [
    0.5565217391304348,
    0.5526315789473685,
    0.5739910313901345,
    0.6056338028169014,
    0.6548223350253807,
    0.6898395721925134,
    0.7724550898203593,
    0.832258064516129,
    0.9555555555555556,
    0.9923076923076923
  ],
  "val_recall": [
    0.9922480620155039,
    0.9767441860465116,
    0.9922480620155039,
    1.0,
    1.0,
    1.0,
    1.0,
    1.0,
    1.0,
    1.0
  ],
  "val_f1": [
    0.713091922005571,
    0.7058823529411765,
    0.7272727272727273,
    0.7543859649122807,
    0.7914110429447853,
    0.8164556962025317,
    0.8716216216216216,
    0.9084507042253521,
    0.9772727272727273,
    0.9961389961389961
  ]
}