{
  "epsilon": 0.5,
  "delta": 1e-05,
  "epochs": 10,
  "batch_size": 32,
  "hidden_size": 32,
  "learning_rate": 0.0005,
  "max_samples": 5000,
  "input_dim": 6,
  "best_epoch": 0,
  "best_f1": 0.629156010230179,
  "final_accuracy": 0.7928571428571428,
  "baseline_accuracy": 0.8157142857142857
}