{
  "train_loss": [
    0.5672387697479941,
    0.6697639071128585,
    0.7583476074717261,
    0.8197834302078594,
    0.843176541003314,
    0.847011667422273
  ],
  "val_loss": [
    0.6058467030525208,
    0.7045942544937134,
    0.7762808799743652,
    0.8086456060409546,
    0.8078123331069946,
    0.7893209457397461
  ],
  "val_acc": [
    0.7928571428571428,
    0.6985714285714286,
    0.6928571428571428,
    0.6971428571428572,
    0.7,
    0.7171428571428572
  ],
  "val_precision": [
    0.46946564885496184,
    0.36423841059602646,
    0.35947712418300654,
    0.3707165109034268,
    0.3746130030959752,
    0.3925233644859813
  ],
  "val_recall": [
    0.9534883720930233,
    0.8527131782945736,
    0.8527131782945736,
    0.9224806201550387,
    0.937984496124031,
    0.9767441860465116
  ],
  "val_f1": [
    0.629156010230179,
    0.5104408352668214,
    0.5057471264367817,
    0.5288888888888889,
    0.5353982300884956,
    0.56
  ]
}