{
  "train_loss": [
    0.5592892430722713,
    0.6426333720711145,
    0.7066901685162024,
    0.7365208833732388,
    0.7247729108414867,
    0.6930527744645422,
    0.6515971977602352,
    0.613548834215511,
    0.5845529166134921,
    0.5571786861189387
  ],
  "val_loss": [
    0.5891422033309937,
    0.6667090058326721,
    0.7099460363388062,
    0.7085373997688293,
    0.6731359958648682,
    0.6238885521888733,
    0.5788456201553345,
    0.5443142056465149,
    0.5149527192115784,
    0.48736855387687683
  ],
  "val_acc": [
    0.7985714285714286,
    0.7128571428571429,
    0.7085714285714285,
    0.7628571428571429,
    0.7785714285714286,
    0.8328571428571429,
    0.8585714285714285,
    0.8542857142857143,
    0.8642857142857143,
    0.8771428571428571
  ],
  "val_precision": [
    0.4774436090225564,
    0.38387096774193546,
    0.38170347003154576,
    0.4355400696864111,
    0.45422535211267606,
    0.524390243902439,
    0.5657894736842105,
    0.5584415584415584,
    0.5758928571428571,
    0.6
  ],
  "val_recall": [
    0.9844961240310077,
    0.9224806201550387,
    0.937984496124031,
    0.9689922480620154,
    1.0,
    1.0,
    1.0,
    1.0,
    1.0,
    1.0
  ],
  "val_f1": [
    0.6430379746835443,
    0.5421412300683371,
    0.5426008968609866,
    0.6009615384615384,
    0.6246973365617433,
    0.688,
    0.7226890756302521,
    0.7166666666666667,
    0.7308781869688386,
    0.75
  ]
}