{
  "train_loss": [
    0.5422123419967565,
    0.5857743542980064,
    0.6029590632427823,
    0.5830516943877394,
    0.5288052369247783,
    0.46423132937740197,
    0.3939886702732606,
    0.32237950864840637,
    0.2565717315301299,
    0.199630474248393
  ],
  "val_loss": [
    0.5526132583618164,
    0.5880294442176819,
    0.5823385715484619,
    0.5366214513778687,
    0.4694589674472809,
    0.398772269487381,
    0.32807573676109314,
    0.2652536630630493,
    0.2094288021326065,
    0.16240660846233368
  ],
  "val_acc": [
    0.8042857142857143,
    0.7985714285714286,
    0.8171428571428572,
    0.8242857142857143,
    0.8485714285714285,
    0.8714285714285714,
    0.8942857142857142,
    0.9071428571428571,
    0.9157142857142857,
    0.9242857142857143
  ],
  "val_precision": [
    0.4849624060150376,
    0.4777777777777778,
    0.5019607843137255,
    0.5119047619047619,
    0.548936170212766,
    0.589041095890411,
    0.6354679802955665,
    0.6649484536082474,
    0.6861702127659575,
    0.7087912087912088
  ],
  "val_recall": [
    1.0,
    1.0,
    0.9922480620155039,
    1.0,
    1.0,
    1.0,
    1.0,
    1.0,
    1.0,
    1.0
  ],
  "val_f1": [
    0.6531645569620254,
    0.6466165413533834,
    0.6666666666666666,
    0.6771653543307087,
    0.7087912087912088,
    0.7413793103448276,
    0.7771084337349398,
    0.7987616099071208,
    0.8138801261829653,
    0.8295819935691319
  ]
}