{
  "epsilon": 3.0,
  "metrics": {
    "accuracy": 0.884,
    "precision": 0.589622641509434,
    "recall": 1.0,
    "f1_score": 0.7418397626112759,
    "baseline_accuracy": 0.8333333333333334,
    "improvement": 0.05066666666666664
  },
  "confusion_matrix": [
    [
      538,
      87
    ],
    [
      0,
      125
    ]
  ],
  "dataset_info": {
    "test_samples": 750,
    "pii_count": 125,
    "pii_percentage": 0.16666666666666666
  }
}