{
  "train_loss": [
    1.0951004945314848,
    1.0904029516073375,
    1.083189423267658
  ],
  "train_acc": [
    0.15384615384615385,
    0.2692307692307692,
    0.4807692307692308
  ],
  "val_acc": [
    0.375,
    0.375,
    0.75
  ],
  "privacy_cost": {
    "epsilon": 0.42379433367322833,
    "delta": 1e-05,
    "sigma": 0.25,
    "q": 0.08,
    "steps": 39
  },
  "epsilon": 8.0
}