{
  "epsilon": 8.0,
  "metrics": {
    "accuracy": 0.9946666666666667,
    "precision": 0.9689922480620154,
    "recall": 1.0,
    "f1_score": 0.984251968503937,
    "baseline_accuracy": 0.8333333333333334,
    "improvement": 0.16133333333333333
  },
  "confusion_matrix": [
    [
      621,
      4
    ],
    [
      0,
      125
    ]
  ],
  "dataset_info": {
    "test_samples": 750,
    "pii_count": 125,
    "pii_percentage": 0.16666666666666666
  }
}