{
  "epsilon": 3.0,
  "delta": 1e-05,
  "epochs": 10,
  "batch_size": 32,
  "hidden_size": 32,
  "learning_rate": 0.0005,
  "max_samples": 5000,
  "input_dim": 6,
  "best_epoch": 9,
  "best_f1": 0.8012422360248447,
  "final_accuracy": 0.9085714285714286,
  "baseline_accuracy": 0.8157142857142857
}