{
  "train_loss": [
    0.5554761862890287,
    0.628632552921772,
    0.6750702543014829,
    0.6787651821293614,
    0.6393369693647731,
    0.5860615416683934,
    0.5300512742251158,
    0.4741704636676745,
    0.421108082275499,
    0.3687331279401075
  ],
  "val_loss": [
    0.5806881189346313,
    0.645187497138977,
    0.6659230589866638,
    0.6363681554794312,
    0.5777450203895569,
    0.5142722129821777,
    0.4571183919906616,
    0.40616485476493835,
    0.3570593297481537,
    0.31118395924568176
  ],
  "val_acc": [
    0.8,
    0.7885714285714286,
    0.7814285714285715,
    0.7728571428571429,
    0.8328571428571429,
    0.8628571428571429,
    0.8771428571428571,
    0.8871428571428571,
    0.8971428571428571,
    0.9085714285714286
  ],
  "val_precision": [
    0.4794007490636704,
    0.46441947565543074,
    0.4562043795620438,
    0.44755244755244755,
    0.524390243902439,
    0.5733333333333334,
    0.6,
    0.6201923076923077,
    0.6417910447761194,
    0.6683937823834197
  ],
  "val_recall": [
    0.9922480620155039,
    0.9612403100775194,
    0.9689922480620154,
    0.9922480620155039,
    1.0,
    1.0,
    1.0,
    1.0,
    1.0,
    1.0
  ],
  "val_f1": [
    0.6464646464646465,
    0.6262626262626263,
    0.6203473945409429,
    0.6168674698795181,
    0.688,
    0.7288135593220338,
    0.75,
    0.7655786350148368,
    0.7818181818181819,
    0.8012422360248447
  ]
}